<?xml version="1.0" encoding="UTF-8"?>
<!DOCTYPE hibernate-mapping PUBLIC 
"-//Hibernate/Hibernate Mapping DTD 3.0//EN"
"http://hibernate.sourceforge.net/hibernate-mapping-3.0.dtd">

<hibernate-mapping>
    <class name="com.rays.model.Admin" table="admin">
        <id name="mail" column="mail">            
        </id>
        <property name="aname">
            <column name="aname" />
        </property>        
        <property name="password">
            <column name="password" />
        </property>
        
    </class>
</hibernate-mapping>