<?xml version="1.0" encoding="UTF-8"?>
<!DOCTYPE hibernate-mapping PUBLIC 
"-//Hibernate/Hibernate Mapping DTD 3.0//EN"
"http://hibernate.sourceforge.net/hibernate-mapping-3.0.dtd">

<hibernate-mapping>
    <class name="com.rays.model.Customer" table="customer">
        <id name="user_name" column="user_name">            
        </id>
        <property name="address">
            <column name="address" />
        </property>
        <property name="mail">
            <column name="mail" />
        </property>
        <property name="password">
            <column name="password" />
        </property>
        <property name="phone">
            <column name="phone" />
        </property>
    </class>
</hibernate-mapping>