<?xml version="1.0" encoding="UTF-8"?>
<!DOCTYPE hibernate-mapping PUBLIC 
"-//Hibernate/Hibernate Mapping DTD 3.0//EN"
"http://hibernate.sourceforge.net/hibernate-mapping-3.0.dtd">

<hibernate-mapping>
    <class name="com.rays.model.Orders" table="Orders">
        <id name="order_id" type="int" column="order_id">
            <generator class="increment" />
        </id>
        <property name="client_id">
            <column name="client_id" />
        </property>
        <property name="productId">
            <column name="productId" />
        </property>
        <property name="size">
            <column name="size" />
        </property>
        <property name="quantity" type="int">
            <column name="quantity" />
        </property>
        <property name="image" type="blob">
            <column name="image" />
        </property>
        <property name="totamount" type="double">
            <column name="totamount" />
        </property>
    </class>
</hibernate-mapping>