<?xml version="1.0" encoding="UTF-8"?>
<!DOCTYPE hibernate-mapping PUBLIC 
"-//Hibernate/Hibernate Mapping DTD 3.0//EN"
"http://hibernate.sourceforge.net/hibernate-mapping-3.0.dtd">

<hibernate-mapping>
    <class name="com.rays.model.Product" table="product">
        <id name="product_id" column="product_id">            
        </id>
        <property name="category">
            <column name="category" />
        </property>
        <property name="details">
            <column name="details" />
        </property>
        <property name="name">
            <column name="name" />
        </property>
        <property name="price" type="java.lang.Double">
            <column name="price" />
        </property>
        <property name="quantity" type="java.lang.Integer">
            <column name="quantity" />
        </property>
    </class>
</hibernate-mapping>