<?xml version="1.0" encoding="UTF-8"?>
<!DOCTYPE hibernate-mapping PUBLIC 
"-//Hibernate/Hibernate Mapping DTD 3.0//EN"
"http://hibernate.sourceforge.net/hibernate-mapping-3.0.dtd">

<hibernate-mapping>
    <class name="com.rays.model.WorkHistory" table="work_history">
        <id name="work_id" type="int" column="work_id">
            <generator class="increment" />
        </id>
        <property name="category" type="string">
            <column name="category" />
        </property>        
        <property name="image" type="blob">
            <column name="image" />
        </property>
         <property name="video" type="blob">
            <column name="video" />
        </property>
        
    </class>
</hibernate-mapping>